[
    {
        "name": "delight-im/db",
        "version": "v1.0.2",
        "version_normalized": "1.0.2.0",
        "source": {
            "type": "git",
            "url": "https://github.com/delight-im/PHP-DB.git",
            "reference": "c8d1eba6583007471d55bf7d88eb3c9d87ea849d"
        },
        "dist": {
            "type": "zip",
            "url": "https://api.github.com/repos/delight-im/PHP-DB/zipball/c8d1eba6583007471d55bf7d88eb3c9d87ea849d",
            "reference": "c8d1eba6583007471d55bf7d88eb3c9d87ea849d",
            "shasum": ""
        },
        "require": {
            "ext-pdo": "*",
            "php": ">=5.6.0"
        },
        "time": "2016-12-01T12:40:36+00:00",
        "type": "library",
        "installation-source": "dist",
        "autoload": {
            "psr-4": {
                "Delight\\Db\\": "src/"
            }
        },
        "notification-url": "https://packagist.org/downloads/",
        "license": [
            "MIT"
        ],
        "description": "Safe and convenient SQL database access in a driver-agnostic way",
        "homepage": "https://github.com/delight-im/PHP-DB",
        "keywords": [
            "database",
            "mysql",
            "pdo",
            "pgsql",
            "postgresql",
            "sql",
            "sqlite"
        ]
    },
    {
        "name": "delight-im/http",
        "version": "v2.0.0",
        "version_normalized": "2.0.0.0",
        "source": {
            "type": "git",
            "url": "https://github.com/delight-im/PHP-HTTP.git",
            "reference": "0a19a72a7eac8b1301aa972fb20cff494ac43e09"
        },
        "dist": {
            "type": "zip",
            "url": "https://api.github.com/repos/delight-im/PHP-HTTP/zipball/0a19a72a7eac8b1301aa972fb20cff494ac43e09",
            "reference": "0a19a72a7eac8b1301aa972fb20cff494ac43e09",
            "shasum": ""
        },
        "require": {
            "php": ">=5.3.0"
        },
        "time": "2016-07-21T15:05:01+00:00",
        "type": "library",
        "installation-source": "dist",
        "autoload": {
            "psr-4": {
                "Delight\\Http\\": "src/"
            }
        },
        "notification-url": "https://packagist.org/downloads/",
        "license": [
            "MIT"
        ],
        "description": "Hypertext Transfer Protocol (HTTP) utilities for PHP",
        "homepage": "https://github.com/delight-im/PHP-HTTP",
        "keywords": [
            "headers",
            "http",
            "https"
        ]
    },
    {
        "name": "delight-im/cookie",
        "version": "v2.1.1",
        "version_normalized": "2.1.1.0",
        "source": {
            "type": "git",
            "url": "https://github.com/delight-im/PHP-Cookie.git",
            "reference": "22f2c19750a6ad3dbf69a8ef3ea0e454a8e064fa"
        },
        "dist": {
            "type": "zip",
            "url": "https://api.github.com/repos/delight-im/PHP-Cookie/zipball/22f2c19750a6ad3dbf69a8ef3ea0e454a8e064fa",
            "reference": "22f2c19750a6ad3dbf69a8ef3ea0e454a8e064fa",
            "shasum": ""
        },
        "require": {
            "delight-im/http": "^2.0",
            "php": ">=5.6.0"
        },
        "time": "2016-12-18T20:22:46+00:00",
        "type": "library",
        "installation-source": "dist",
        "autoload": {
            "psr-4": {
                "Delight\\Cookie\\": "src/"
            }
        },
        "notification-url": "https://packagist.org/downloads/",
        "license": [
            "MIT"
        ],
        "description": "Modern cookie management for PHP",
        "homepage": "https://github.com/delight-im/PHP-Cookie",
        "keywords": [
            "cookie",
            "cookies",
            "csrf",
            "http",
            "same-site",
            "samesite",
            "xss"
        ]
    },
    {
        "name": "delight-im/auth",
        "version": "v4.1.1",
        "version_normalized": "4.1.1.0",
        "source": {
            "type": "git",
            "url": "https://github.com/delight-im/PHP-Auth.git",
            "reference": "6bfa29883613bd0cf93b9a269dec7970e6105233"
        },
        "dist": {
            "type": "zip",
            "url": "https://api.github.com/repos/delight-im/PHP-Auth/zipball/6bfa29883613bd0cf93b9a269dec7970e6105233",
            "reference": "6bfa29883613bd0cf93b9a269dec7970e6105233",
            "shasum": ""
        },
        "require": {
            "delight-im/cookie": "^2.1",
            "delight-im/db": "^1.0",
            "ext-openssl": "*",
            "php": ">=5.6.0"
        },
        "time": "2016-12-12T19:58:37+00:00",
        "type": "library",
        "installation-source": "dist",
        "autoload": {
            "psr-4": {
                "Delight\\Auth\\": "src/"
            }
        },
        "notification-url": "https://packagist.org/downloads/",
        "license": [
            "MIT"
        ],
        "description": "Authentication for PHP. Simple, lightweight and secure.",
        "homepage": "https://github.com/delight-im/PHP-Auth",
        "keywords": [
            "Authentication",
            "auth",
            "login",
            "security"
        ]
    }
]
